[{ "id": "Introduction", "parent" : "#", "text": "Introduction", "a_attr": {"href": "Introduction.html"}  },{ "id": "Welcome", "parent" : "Introduction", "text": "Welcome", "a_attr": {"href": "Welcome.html"}  },{ "id": "Whatsnew", "parent" : "Introduction", "text": "What's new", "a_attr": {"href": "Whatsnew.html"}  },{ "id": "GettingStarted", "parent" : "#", "text": "Getting Started", "a_attr": {"href": "GettingStarted.html"}  },{ "id": "Systemrequirements", "parent" : "GettingStarted", "text": "System requirements", "a_attr": {"href": "Systemrequirements.html"}  },{ "id": "Gettinghelp", "parent" : "GettingStarted", "text": "Getting help", "a_attr": {"href": "Gettinghelp.html"}  },{ "id": "FirstUse", "parent" : "GettingStarted", "text": "First Use", "a_attr": {"href": "FirstUse.html"}  },{ "id": "TheGui", "parent" : "#", "text": "The Gui", "a_attr": {"href": "TheGui.html"} , "icon": "icon-1" },{ "id": "GridSelector", "parent" : "TheGui", "text": "Grid Selector", "a_attr": {"href": "GridSelector.html"}  },{ "id": "Toolbar", "parent" : "TheGui", "text": "Toolbar", "a_attr": {"href": "Toolbar.html"}  },{ "id": "Menus", "parent" : "TheGui", "text": "Menus", "a_attr": {"href": "Menus.html"}  },{ "id": "Editor", "parent" : "TheGui", "text": "Editor", "a_attr": {"href": "Editor.html"}  },{ "id": "GridEditor", "parent" : "TheGui", "text": "Grid Editor", "a_attr": {"href": "GridEditor.html"}  },{ "id": "LineBreakEditor", "parent" : "TheGui", "text": "Line Break Editor", "a_attr": {"href": "LineBreakEditor.html"}  },{ "id": "Settings-Title", "parent" : "TheGui", "text": "Settings - Title", "a_attr": {"href": "Settings-Title.html"}  },{ "id": "Settings-Layout", "parent" : "TheGui", "text": "Settings - Layout", "a_attr": {"href": "Settings-Layout.html"}  },{ "id": "Settings-Elements", "parent" : "TheGui", "text": "Settings - Elements", "a_attr": {"href": "Settings-Elements.html"}  },{ "id": "Settings-Staff", "parent" : "TheGui", "text": "Settings - Staff", "a_attr": {"href": "Settings-Staff.html"}  },{ "id": "Printpreview", "parent" : "TheGui", "text": "Print preview", "a_attr": {"href": "Printpreview.html"}  },{ "id": "Background", "parent" : "#", "text": "Background", "a_attr": {"href": "Background.html"} , "icon": "icon-1" },{ "id": "WhatisPianoScript", "parent" : "Background", "text": "What is PianoScript", "a_attr": {"href": "WhatisPianoScript.html"}  },{ "id": "Background-Introduction", "parent" : "Background", "text": "Background - Introduction", "a_attr": {"href": "Background-Introduction.html"}  },{ "id": "Thenamesofthenotesonthekeyboard", "parent" : "Background", "text": "The names of the notes on the keyboard", "a_attr": {"href": "Thenamesofthenotesonthekeyboard.html"}  },{ "id": "Theoctavesonthekeyboard", "parent" : "Background", "text": "The octaves on the keyboard", "a_attr": {"href": "Theoctavesonthekeyboard.html"}  },{ "id": "Thenotationexplained", "parent" : "Background", "text": "The notation explained", "a_attr": {"href": "Thenotationexplained.html"}  },{ "id": "Pitchonatwelve-tonestaff", "parent" : "Background", "text": "Pitch on a twelve-tone staff", "a_attr": {"href": "Pitchonatwelve-tonestaff.html"}  },{ "id": "Clef", "parent" : "Background", "text": "Clef", "a_attr": {"href": "Clef.html"}  },{ "id": "Rhythm", "parent" : "#", "text": "Rhythm", "a_attr": {"href": "Rhythm.html"}  },{ "id": "Basegridandmanualgrid", "parent" : "Rhythm", "text": "Base grid and manual grid", "a_attr": {"href": "Basegridandmanualgrid.html"}  },{ "id": "FirstExample", "parent" : "Rhythm", "text": "First Example", "a_attr": {"href": "FirstExample.html"}  },{ "id": "Groupingofnotes", "parent" : "Rhythm", "text": "Grouping of notes", "a_attr": {"href": "Groupingofnotes.html"}  },{ "id": "Hand", "parent" : "Rhythm", "text": "Hand", "a_attr": {"href": "Hand.html"}  },{ "id": "Differentelementsandtechniques", "parent" : "#", "text": "Different elements and techniques", "a_attr": {"href": "Differentelementsandtechniques.html"} , "icon": "icon-1" },{ "id": "Ornaments", "parent" : "Differentelementsandtechniques", "text": "Ornaments", "a_attr": {"href": "Ornaments.html"}  },{ "id": "Arpeggio", "parent" : "Differentelementsandtechniques", "text": "Arpeggio", "a_attr": {"href": "Arpeggio.html"}  },{ "id": "Trill", "parent" : "Differentelementsandtechniques", "text": "Trill", "a_attr": {"href": "Trill.html"}  },{ "id": "Turn", "parent" : "Differentelementsandtechniques", "text": "Turn", "a_attr": {"href": "Turn.html"}  },{ "id": "Chords", "parent" : "#", "text": "Chords", "a_attr": {"href": "Chords.html"} , "icon": "icon-1" },{ "id": "Differentvoices", "parent" : "#", "text": "Different voices", "a_attr": {"href": "Differentvoices.html"} , "icon": "icon-1" },{ "id": "PedalsonthePiano", "parent" : "#", "text": "Pedals on the Piano", "a_attr": {"href": "PedalsonthePiano.html"} , "icon": "icon-1" },{ "id": "PianoScriptsoftware", "parent" : "#", "text": "PianoScript software", "a_attr": {"href": "PianoScriptsoftware.html"} , "icon": "icon-1" },{ "id": "Obtainingandinstallingthesoftwar", "parent" : "PianoScriptsoftware", "text": "Obtaining and installing the software", "a_attr": {"href": "Obtainingandinstallingthesoftwar.html"}  }]